TransNumItems,MedianTotal,MinTotal,MaxTotal
15,1788.9913,1708.0905,1818.0261
11,1843.8877,1843.8877,1843.8877
3,1347.1846,1347.1846,1347.1846
8,1130.037,1130.037,917.2205
6,1664.037,1664.037,1664.037
9,761.6328,761.6328,761.6328
1,1252.3114,1002.8586,1526.8892
10,652.4469,1321.7137,652.4469
4,638.86194,638.86194,638.86194
12,1519.8851,1519.8851,862.2707
